popularity,danceability,energy,key,loudness,mode,acousticness,instrumentalness,speechiness,liveness,valence,tempo,duration_ms,time_signature,genre
0,0.629,0.817,6,-4.261,1,0.199,0.0,0.0357,0.317,0.466,123.087,220293,4,rap
0,0.663,0.489,5,-8.198,1,0.227,0.0,0.124,0.0769,0.117,81.959,179613,4,rap
0,0.578,0.532,5,-6.636,0,0.117,8.97e-05,0.066,0.143,0.12,159.784,218320,4,rap
0,0.622,0.699,7,-6.514,1,0.107,0.0,0.0466,0.114,0.386,133.931,234213,4,rap
0,0.755,0.448,7,-9.587,1,0.0283,3.28e-05,0.107,0.514,0.318,77.179,198960,4,rap
5,0.748,0.546,8,-8.134,1,0.59,0.0,0.106,0.112,0.413,140.005,220880,4,rap
0,0.677,0.577,7,-7.671,1,0.221,0.0,0.0355,0.0776,0.329,130.05,256533,4,rap
67,0.672,0.717,1,-2.714,1,0.341,2.4e-05,0.034,0.106,0.225,160.981,194560,4,rap
68,0.625,0.536,0,-5.428,1,0.038,2.31e-05,0.0776,0.167,0.253,159.914,221787,4,rap
83,0.68,0.578,10,-5.804,1,0.331,0.0,0.04,0.135,0.341,145.038,231267,4,rap
48,0.733,0.678,6,-7.771,1,0.121,0.0,0.439,0.345,0.841,175.984,144149,4,rap
76,0.507,0.48,5,-5.418,1,0.449,0.0,0.0266,0.147,0.35,86.046,204427,4,rap
1,0.511,0.566,6,-7.23,0,0.349,0.0,0.2,0.34,0.218,83.903,239836,4,rap
5,0.669,0.574,4,-6.442,0,0.0175,0.00294,0.0286,0.146,0.273,120.013,196400,4,rap
84,0.921,0.537,9,-5.723,0,0.556,0.00404,0.0804,0.102,0.711,128.009,135090,4,rap
84,0.834,0.73,8,-3.714,1,0.00513,0.0,0.222,0.124,0.446,155.008,312820,4,rap
71,0.703,0.723,9,-5.45,0,0.0302,2.06e-06,0.0412,0.126,0.288,104.969,198903,4,rap
76,0.487,0.789,8,-3.69,1,0.00947,4.05e-06,0.044,0.189,0.0564,150.007,270715,4,rap
68,0.497,0.77,6,-4.298,1,0.0472,0.0,0.0757,0.102,0.47,167.892,213640,4,rap
24,0.861,0.637,8,-5.692,0,0.0515,3.35e-06,0.24,0.0967,0.474,98.044,228654,4,rap
0,0.753,0.498,2,-5.61,1,0.551,0.0,0.0504,0.0706,0.927,89.95,158053,4,rap
71,0.689,0.723,0,-4.052,0,0.0985,0.0,0.0836,0.158,0.288,160.042,217828,4,rap
10,0.833,0.539,11,-7.399,0,0.163,2.1e-06,0.178,0.101,0.385,99.947,149520,4,rap
76,0.785,0.554,0,-6.571,1,0.283,3.4e-06,0.0409,0.116,0.144,128.047,150043,4,rap
69,0.575,0.734,2,-4.949,1,0.0757,0.0,0.057,0.241,0.494,83.986,179827,4,rap
72,0.798,0.733,7,-4.811,0,0.265,1.25e-06,0.0476,0.114,0.861,146.046,211427,4,rap
82,0.889,0.496,4,-6.365,0,0.259,0.0,0.0905,0.252,0.544,86.003,180522,4,rap
0,0.397,0.691,6,-4.981,0,0.178,0.0,0.197,0.0722,0.249,170.788,207680,4,rap
83,0.901,0.464,5,-9.789,0,0.368,1.71e-05,0.0645,0.238,0.638,109.004,203267,4,rap
70,0.741,0.645,11,-5.116,0,0.192,0.0,0.0963,0.163,0.488,149.07,231964,4,rap
80,0.665,0.651,1,-5.515,1,0.0414,0.0,0.156,0.0896,0.237,163.935,175755,4,rap
80,0.702,0.708,10,-5.366,0,0.201,0.0,0.0547,0.118,0.713,147.98,198408,4,rap
69,0.507,0.644,4,-7.485,1,0.00413,0.0,0.0641,0.217,0.172,179.913,211267,4,rap
69,0.796,0.586,4,-6.946,0,0.0247,0.0,0.147,0.132,0.179,97.981,200107,4,rap
1,0.712,0.515,10,-6.004,0,0.234,0.0,0.0857,0.205,0.563,160.0,201920,4,rap
79,0.831,0.502,10,-4.045,0,0.101,0.0,0.046,0.122,0.101,100.541,205427,4,rap
71,0.743,0.571,7,-6.054,0,0.24,0.0,0.145,0.291,0.495,119.054,213863,4,rap
72,0.782,0.435,2,-7.033,1,0.333,1.31e-05,0.156,0.342,0.242,82.996,268933,4,rap
75,0.713,0.526,1,-5.046,1,0.00767,0.000148,0.032,0.124,0.131,131.05,262693,4,rap
72,0.876,0.662,2,-6.482,0,0.0608,0.0,0.426,0.127,0.844,75.445,163320,4,rap
5,0.58,0.653,5,-3.818,1,0.447,0.0,0.0745,0.111,0.175,150.231,174960,4,rap
72,0.854,0.463,5,-6.159,1,0.117,0.0,0.137,0.354,0.549,120.024,225773,4,rap
71,0.642,0.782,5,-3.395,0,0.381,0.0,0.0477,0.108,0.396,162.005,195053,4,rap
65,0.716,0.823,5,-5.313,0,0.132,0.0,0.0495,0.361,0.91,151.957,161747,4,rap
55,0.677,0.714,11,-5.637,1,0.162,0.0,0.0287,0.0717,0.355,94.956,136568,4,rap
63,0.703,0.594,5,-6.146,0,0.342,0.0,0.0752,0.123,0.475,153.848,114893,4,rap
59,0.847,0.742,8,-5.515,0,0.397,0.0,0.247,0.135,0.56,133.989,148653,4,rap
75,0.46,0.686,0,-5.948,0,0.00146,0.0,0.0367,0.375,0.252,148.054,145588,4,rap
81,0.729,0.625,4,-5.266,1,0.194,0.00986,0.0315,0.248,0.261,146.034,183907,4,rap
68,0.428,0.403,5,-5.914,0,0.229,0.0,0.209,0.22,0.133,95.387,180183,5,rap
67,0.804,0.763,2,-5.48,1,0.0678,0.0,0.0519,0.368,0.0585,136.052,156886,4,rap
67,0.396,0.554,0,-5.048,1,0.222,0.0,0.0488,0.612,0.17,117.384,272501,4,rap
63,0.593,0.632,6,-5.381,0,0.0133,0.0,0.541,0.64,0.0789,173.369,235232,4,rap
63,0.695,0.566,6,-7.484,0,0.00202,0.0,0.124,0.167,0.388,80.029,175569,4,rap
80,0.402,0.526,9,-6.741,0,0.113,8.33e-06,0.0904,0.105,0.312,81.404,339067,4,rap
86,0.897,0.662,1,-6.903,0,0.0852,0.0,0.292,0.534,0.389,112.511,145543,4,rap
5,0.623,0.608,1,-5.937,0,0.426,0.0,0.0434,0.105,0.263,84.98,208518,4,rap
79,0.759,0.73,0,-7.985,0,0.145,3.06e-06,0.0516,0.11,0.74,115.007,268434,4,rap
0,0.671,0.529,0,-7.226,1,0.0769,0.000335,0.307,0.0856,0.203,161.989,165820,4,rap
59,0.832,0.557,7,-3.947,0,0.307,0.0,0.053,0.176,0.279,125.999,200453,4,rap
66,0.736,0.482,4,-8.242,1,0.327,0.0,0.196,0.229,0.608,140.064,224507,4,rap
4,0.745,0.642,7,-6.257,0,0.0204,0.0,0.287,0.0658,0.226,179.974,131280,4,rap
66,0.853,0.637,3,-5.924,0,0.129,0.0,0.331,0.267,0.496,86.048,156195,4,rap
69,0.793,0.344,6,-9.757,1,0.112,1.68e-06,0.357,0.15,0.45,166.105,233880,4,rap
80,0.912,0.412,7,-8.074,1,0.0165,0.0126,0.123,0.104,0.423,154.983,238614,4,rap
54,0.749,0.641,6,-5.268,1,0.538,0.0,0.0444,0.0775,0.409,140.08,223173,4,rap
75,0.744,0.715,0,-6.103,1,0.101,0.0,0.351,0.0919,0.34,154.962,179773,4,rap
65,0.844,0.513,1,-8.769,1,0.178,0.0,0.335,0.0845,0.344,128.085,244941,4,rap
0,0.704,0.758,0,-3.537,1,0.233,0.00144,0.0402,0.0924,0.534,120.003,214907,4,rap
75,0.785,0.62,8,-6.667,1,0.0138,0.0,0.254,0.15,0.478,78.477,235535,4,rap
68,0.877,0.477,9,-7.379,0,0.307,0.0,0.0587,0.0929,0.552,127.023,226743,4,rap
70,0.755,0.615,4,-8.245,1,0.00587,1.75e-06,0.0454,0.109,0.039,105.955,215364,4,rap
72,0.721,0.508,7,-7.496,1,0.317,0.0,0.394,0.153,0.457,159.911,166343,4,rap
78,0.97,0.463,10,-7.259,1,0.0957,0.0,0.366,0.151,0.46,108.003,142417,4,rap
72,0.729,0.603,6,-6.736,0,0.0948,0.0,0.0666,0.113,0.207,134.972,243976,4,rap
75,0.715,0.639,5,-5.017,0,0.0622,0.0,0.0752,0.157,0.151,149.996,205800,4,rap
85,0.88,0.428,9,-8.28,1,0.149,5.05e-05,0.206,0.114,0.333,100.007,172800,4,rap
73,0.594,0.798,4,-5.244,1,0.115,0.0,0.0844,0.143,0.381,142.049,191840,4,rap
83,0.963,0.346,5,-9.309,0,0.0355,0.0,0.53,0.108,0.562,119.957,142273,4,rap
83,0.732,0.75,11,-6.366,0,0.00264,0.0,0.231,0.109,0.401,155.096,182707,4,rap
59,0.731,0.657,0,-8.56,1,0.0591,0.0,0.0434,0.0874,0.49,159.97,184490,4,rap
71,0.74,0.488,1,-7.664,0,0.234,0.0,0.27,0.241,0.584,149.042,120133,4,rap
66,0.823,0.768,11,-6.21,1,0.0146,1.03e-06,0.0819,0.127,0.216,115.021,274320,4,rap
0,0.405,0.646,4,-3.206,0,0.331,0.0,0.0476,0.103,0.17,130.218,156267,4,rap
0,0.614,0.66,0,-2.848,1,0.19,0.0,0.0441,0.211,0.452,145.01,245267,4,rap
0,0.442,0.737,7,-5.046,1,0.0589,0.0,0.109,0.102,0.21,112.93,218320,5,rap
0,0.499,0.8,1,-2.665,0,0.0906,0.0,0.0502,0.147,0.272,139.919,229573,4,rap
81,0.703,0.757,1,-3.612,1,0.617,0.0,0.05,0.106,0.696,82.008,221747,4,rap
35,0.922,0.581,10,-7.495,1,0.00104,5.86e-05,0.27,0.105,0.595,140.022,181263,4,rap
80,0.884,0.347,8,-8.227,0,0.015,7e-06,0.35,0.0871,0.376,75.016,220307,4,rap
0,0.741,0.415,2,-6.775,0,0.318,0.0,0.0489,0.104,0.404,87.079,154880,4,rap
0,0.714,0.532,11,-6.837,0,0.675,0.0,0.271,0.138,0.831,204.096,117013,4,rap
24,0.854,0.554,8,-4.684,1,0.769,1.84e-06,0.172,0.0749,0.272,142.069,163121,4,rap
0,0.852,0.679,0,-7.715,0,0.0449,0.0,0.247,0.201,0.742,100.009,172800,4,rap
75,0.617,0.684,0,-3.618,1,0.0545,0.0,0.0439,0.104,0.295,132.113,150867,4,rap
71,0.542,0.674,6,-4.169,1,0.0588,0.0,0.21,0.0955,0.667,76.388,196760,4,rap
64,0.852,0.73,1,-5.803,1,0.0219,0.0,0.0579,0.336,0.394,92.506,157693,4,rap
70,0.768,0.652,1,-2.708,0,0.113,0.0,0.307,0.107,0.777,154.187,144935,4,rap
0,0.744,0.709,0,-5.359,1,0.275,0.0,0.101,0.126,0.72,89.969,141333,4,rap
1,0.745,0.715,1,-3.368,0,0.128,0.0,0.245,0.182,0.342,94.513,136032,4,rap
84,0.598,0.427,7,-8.764,0,0.0546,5.83e-06,0.0317,0.21,0.0605,76.469,175721,4,rap
70,0.522,0.728,3,-3.801,0,0.00134,0.0,0.0323,0.132,0.18,124.045,321560,4,rap
49,0.864,0.551,3,-5.198,1,0.144,0.0,0.22,0.104,0.38,139.934,238534,4,rap
62,0.507,0.464,3,-8.531,0,0.398,2.62e-05,0.171,0.603,0.277,147.984,242507,4,rap
71,0.648,0.631,4,-5.662,0,0.377,0.0,0.103,0.12,0.142,105.989,349933,4,rap
55,0.793,0.574,5,-3.509,0,0.011,0.0,0.0435,0.156,0.0601,136.982,199227,4,rap
71,0.81,0.582,5,-5.098,0,0.0862,0.00681,0.125,0.207,0.503,95.004,209116,4,rap
65,0.629,0.578,1,-4.704,1,0.2,0.0,0.0428,0.151,0.211,79.94,307000,4,rap
58,0.696,0.8,2,-5.68,1,0.000819,0.0,0.0324,0.0954,0.0635,110.013,235533,4,rap
66,0.655,0.496,3,-4.139,0,0.0335,0.0,0.0364,0.156,0.28,137.945,219360,4,rap
64,0.585,0.737,4,-4.121,0,0.0661,0.0,0.191,0.0904,0.0497,171.853,201263,4,rap
56,0.527,0.521,10,-8.341,0,0.0114,0.0232,0.033,0.167,0.127,99.438,176160,4,rap
64,0.688,0.658,1,-4.155,1,0.105,1.89e-06,0.0695,0.335,0.28,75.615,226397,4,rap
63,0.733,0.578,0,-5.245,0,0.0859,1.19e-06,0.0417,0.403,0.447,142.028,222318,4,rap
65,0.706,0.559,4,-5.216,0,0.0372,0.0,0.0416,0.379,0.252,78.534,217405,4,rap
80,0.712,0.481,4,-5.415,0,0.173,0.0,0.0487,0.241,0.062,140.0,196138,4,rap
69,0.834,0.731,10,-5.603,0,0.0462,0.0,0.0566,0.0731,0.681,140.001,176720,4,rap
67,0.675,0.23,1,-10.363,0,0.191,0.0,0.204,0.104,0.101,173.962,211920,4,rap
67,0.866,0.648,1,-3.675,1,0.009,0.0,0.0543,0.0967,0.0798,150.058,140793,4,rap
62,0.668,0.844,1,-4.151,1,0.00389,0.00879,0.0956,0.119,0.33,159.108,172017,4,rap
75,0.474,0.631,5,-5.884,0,0.0687,0.0,0.343,0.132,0.425,180.051,189323,4,rap
77,0.769,0.787,11,-3.909,1,0.189,0.0,0.367,0.129,0.836,126.77,159715,4,rap
65,0.845,0.631,7,-8.206,0,0.188,0.0,0.216,0.0806,0.545,111.983,279907,4,rap
62,0.603,0.649,11,-5.887,1,0.105,0.0,0.117,0.712,0.343,128.815,231827,4,rap
59,0.423,0.536,7,-3.8,1,0.015,0.0,0.16,0.095,0.0895,71.313,313909,5,rap
0,0.907,0.765,4,-7.043,1,0.0512,0.0,0.426,0.153,0.896,142.992,188048,4,rap
54,0.591,0.8,1,-4.956,1,0.353,0.0,0.286,0.247,0.592,139.472,175462,4,rap
75,0.741,0.87,6,-3.494,0,0.00813,0.0,0.503,0.114,0.663,184.194,254723,4,rap
41,0.784,0.494,0,-5.76,1,0.0375,0.0,0.0409,0.102,0.175,111.979,221837,4,rap
76,0.746,0.873,7,-3.803,1,0.0244,0.0,0.128,0.354,0.817,148.075,222093,4,rap
83,0.74,0.613,8,-4.88,1,0.258,0.00372,0.145,0.123,0.473,75.023,166606,4,rap
83,0.797,0.533,0,-9.74,0,0.0172,0.000152,0.0412,0.103,0.329,131.036,146520,4,rap
76,0.689,0.564,2,-6.226,1,0.187,0.0,0.136,0.0721,0.123,185.023,212947,4,rap
60,0.691,0.736,0,-4.993,1,0.104,0.0,0.0321,0.111,0.0395,140.034,193510,4,rap
70,0.599,0.571,2,-4.998,1,0.198,0.0,0.0665,0.0969,0.285,151.974,206453,4,rap
78,0.433,0.778,4,-7.681,1,0.843,0.0,0.041,0.139,0.764,114.208,87561,4,rap
80,0.891,0.628,2,-7.863,1,0.00258,0.00019,0.0551,0.0504,0.552,134.966,267067,4,rap
33,0.797,0.519,11,-7.558,1,0.456,1.72e-06,0.359,0.112,0.326,151.918,134408,4,rap
77,0.825,0.572,6,-6.067,0,0.0079,0.0,0.0864,0.113,0.568,141.991,175954,4,rap
68,0.619,0.613,0,-5.83,1,0.0614,0.0,0.0796,0.117,0.483,82.419,232733,4,rap
70,0.816,0.582,8,-4.141,1,0.0794,5.84e-06,0.341,0.0916,0.542,160.004,136366,4,rap
83,0.809,0.545,7,-6.678,1,0.392,0.0,0.0735,0.151,0.244,97.008,180435,4,rap
57,0.802,0.82,10,-5.969,0,0.0579,0.0,0.146,0.149,0.613,164.005,172196,4,rap
56,0.689,0.61,10,-9.004,0,0.0836,0.0,0.217,0.36,0.119,134.923,235680,4,rap
58,0.815,0.76,6,-4.632,1,0.0242,0.0,0.331,0.203,0.729,81.537,183145,4,rap
61,0.728,0.633,0,-6.695,1,0.412,0.0,0.227,0.105,0.687,150.033,227602,4,rap
53,0.628,0.827,1,-3.139,0,0.0616,0.0,0.04,0.495,0.429,130.016,208627,4,rap
75,0.776,0.736,7,-4.612,1,0.0802,0.0,0.247,0.159,0.233,147.946,186945,4,rap
1,0.699,0.687,7,-3.997,0,0.308,3.63e-05,0.106,0.121,0.499,88.932,189977,4,rap
6,0.745,0.561,0,-4.869,1,0.0758,0.0,0.0807,0.133,0.449,77.557,248431,4,rap
12,0.785,0.431,10,-8.756,0,0.123,0.0,0.0364,0.0887,0.236,127.085,159382,4,rap
67,0.638,0.624,10,-5.37,1,0.0102,0.0,0.0798,0.0944,0.445,159.937,228720,4,rap
1,0.709,0.662,8,-4.55,1,0.00966,0.0,0.0766,0.108,0.439,150.046,218349,4,rap
0,0.758,0.932,3,-2.809,1,0.0558,0.0,0.0372,0.097,0.592,125.993,214246,4,rap
79,0.736,0.67,10,-6.702,1,0.186,0.0,0.311,0.114,0.845,130.032,169999,4,rap
5,0.674,0.726,11,-3.813,0,0.126,1.56e-06,0.141,0.115,0.443,160.067,144090,4,rap
86,0.908,0.621,1,-6.638,0,0.000282,5.39e-05,0.102,0.0958,0.421,150.011,177000,4,rap
76,0.618,0.717,7,-5.738,1,0.00256,0.0,0.318,0.625,0.603,190.05,196693,4,rap
64,0.886,0.525,8,-7.39,1,0.236,0.0,0.131,0.057,0.708,145.99,225205,4,rap
75,0.747,0.524,10,-6.807,0,0.0306,0.0,0.245,0.2,0.363,140.053,213132,4,rap
80,0.839,0.81,5,-5.274,0,0.501,0.0,0.0568,0.117,0.814,129.014,209269,4,rap
78,0.728,0.607,1,-8.417,0,0.133,0.0,0.132,0.0864,0.445,129.938,176702,4,rap
78,0.621,0.601,6,-5.616,0,0.0522,0.0,0.148,0.46,0.457,116.735,163636,5,rap
84,0.896,0.586,10,-6.687,0,0.104,0.0,0.0559,0.79,0.642,116.971,196653,4,rap
58,0.673,0.715,3,-5.239,0,0.1,0.0,0.0891,0.115,0.712,155.992,170853,4,rap
71,0.661,0.44,2,-9.104,1,0.457,0.0,0.0803,0.128,0.352,149.937,230400,4,rap
70,0.932,0.547,0,-7.787,0,0.0388,0.0,0.333,0.0924,0.695,94.998,176640,4,rap
55,0.739,0.484,9,-9.646,1,0.138,0.0,0.226,0.131,0.523,151.878,141987,4,rap
68,0.882,0.602,11,-5.554,1,0.0177,0.0,0.245,0.178,0.43,142.959,183011,4,rap
67,0.687,0.449,2,-10.061,1,0.109,0.0,0.154,0.282,0.229,142.048,199437,4,rap
65,0.75,0.789,2,-4.578,1,0.253,0.0,0.108,0.129,0.673,147.957,157133,4,rap
78,0.802,0.591,8,-4.895,1,0.0104,0.0,0.225,0.196,0.309,139.864,157712,4,rap
69,0.643,0.594,9,-5.191,0,0.0695,1.46e-05,0.0312,0.115,0.195,118.037,250142,4,rap
68,0.859,0.6,7,-4.63,0,0.071,0.0,0.301,0.353,0.568,123.017,244761,4,rap
55,0.413,0.13,0,-25.166,0,0.9,0.82,0.0336,0.111,0.0676,123.342,46837,1,rap
77,0.594,0.676,2,-5.808,1,0.135,0.0,0.344,0.163,0.472,143.477,181145,4,rap
0,0.651,0.631,6,-5.717,0,0.519,0.000579,0.0896,0.165,0.35,127.994,154424,4,rap
65,0.881,0.457,7,-8.191,0,0.0327,0.0,0.156,0.231,0.296,136.97,198913,4,rap
75,0.735,0.369,9,-9.682,0,0.334,0.0,0.0688,0.126,0.235,140.004,222997,4,rap
53,0.657,0.522,10,-7.632,1,0.156,0.0,0.397,0.0811,0.442,179.687,260333,4,rap
0,0.531,0.75,10,-5.831,0,0.00632,7.6e-05,0.111,0.117,0.198,169.954,200080,4,rap
51,0.497,0.489,11,-7.724,0,0.0576,9.91e-05,0.294,0.122,0.231,171.853,268187,4,rap
57,0.823,0.476,7,-8.951,1,0.0115,0.0,0.242,0.213,0.353,144.998,174067,4,rap
0,0.928,0.481,9,-9.35,0,0.105,0.0,0.287,0.176,0.613,134.007,210937,4,rap
62,0.76,0.476,8,-8.103,1,0.294,0.0,0.241,0.1,0.354,147.01,161990,4,rap
65,0.736,0.604,1,-7.357,0,0.0652,6.43e-05,0.222,0.124,0.574,155.007,264532,4,rap
65,0.936,0.523,5,-6.71,1,0.239,0.0,0.0597,0.117,0.699,119.889,124056,4,rap
66,0.544,0.524,8,-7.914,1,0.136,0.0,0.0621,0.106,0.117,81.982,129429,4,rap
68,0.864,0.664,8,-7.315,1,0.0476,0.0,0.104,0.0863,0.381,94.932,99108,4,rap
73,0.748,0.648,10,-6.445,0,0.484,0.0,0.0816,0.126,0.726,139.952,123560,4,rap
0,0.906,0.382,10,-12.89,0,0.18,0.0,0.269,0.113,0.391,104.025,129264,4,rap
76,0.686,0.561,10,-9.929,0,0.185,0.0,0.191,0.114,0.186,148.775,116240,4,rap
86,0.592,0.457,9,-6.081,0,0.661,0.000331,0.0603,0.146,0.225,146.04,110886,4,rap
64,0.638,0.539,10,-5.853,1,0.22,0.0,0.0504,0.241,0.247,83.381,143713,4,rap
77,0.876,0.733,10,-4.478,0,0.0208,0.0,0.333,0.0999,0.962,154.904,148630,4,rap
71,0.755,0.552,9,-5.604,1,0.0967,0.0,0.288,0.158,0.402,153.157,193973,4,rap
83,0.554,0.498,9,-8.866,1,0.23,5.98e-06,0.0685,0.795,0.413,79.635,190067,4,rap
48,0.651,0.654,4,-6.988,0,0.0494,0.0,0.0348,0.236,0.392,81.537,205302,4,rap
78,0.676,0.609,2,-5.831,0,0.0706,0.0,0.481,0.152,0.508,142.037,237735,4,rap
64,0.884,0.698,0,-9.101,1,0.0405,0.0,0.364,0.195,0.575,140.068,191938,4,rap
68,0.813,0.528,6,-6.305,0,0.0715,0.0,0.313,0.125,0.131,79.532,207039,4,rap
74,0.835,0.413,1,-9.81,1,0.373,0.00133,0.396,0.101,0.111,149.004,258880,4,rap
84,0.773,0.75,8,-4.009,0,0.109,0.0,0.117,0.174,0.783,123.426,220587,4,rap
72,0.637,0.723,2,-5.547,1,0.0134,7.87e-05,0.091,0.196,0.228,143.013,214960,4,rap
84,0.548,0.805,7,-5.732,1,0.212,0.000389,0.351,0.408,0.648,142.094,216387,4,rap
74,0.871,0.702,5,-8.025,1,0.296,0.0,0.253,0.0912,0.675,125.089,131286,4,rap
57,0.562,0.502,6,-10.269,0,0.323,0.0,0.255,0.0757,0.322,120.104,224000,1,rap
48,0.686,0.609,9,-6.784,0,0.142,0.0,0.165,0.0631,0.737,152.05,189474,4,rap
64,0.95,0.489,8,-8.411,1,0.105,0.0,0.462,0.411,0.919,130.021,158769,4,rap
66,0.764,0.475,0,-12.618,1,0.345,0.0,0.114,0.14,0.34,129.974,243270,4,rap
64,0.65,0.778,1,-4.226,0,0.221,0.0,0.134,0.0695,0.6,141.849,223120,4,rap
64,0.851,0.666,11,-5.334,0,0.139,0.0,0.0694,0.105,0.0585,134.068,129105,4,rap
68,0.681,0.701,9,-6.336,1,0.106,0.0,0.0767,0.208,0.398,139.952,175203,4,rap
70,0.974,0.596,6,-8.888,1,0.0976,0.0,0.184,0.151,0.892,111.959,149040,4,rap
72,0.823,0.552,4,-7.57,0,0.0174,0.0,0.324,0.122,0.418,124.038,205760,4,rap
61,0.832,0.291,5,-9.272,0,0.00503,0.0,0.309,0.0796,0.29,134.065,201085,4,rap
44,0.744,0.557,9,-9.552,0,0.143,0.0,0.23,0.138,0.66,151.054,198964,4,rap
63,0.682,0.653,8,-6.062,1,0.13,0.00116,0.339,0.129,0.428,188.115,196267,4,rap
69,0.787,0.713,7,-5.252,1,0.0849,0.0,0.401,0.717,0.761,175.046,148759,4,rap
53,0.816,0.621,0,-6.352,1,0.18,0.0,0.181,0.085,0.403,97.015,188041,4,rap
71,0.919,0.622,1,-7.384,1,0.228,4.24e-06,0.0997,0.122,0.424,140.022,205803,4,rap
63,0.869,0.59,11,-8.214,1,0.07,0.0,0.257,0.236,0.479,107.934,151147,4,rap
40,0.863,0.613,1,-6.005,1,0.0317,0.0,0.101,0.106,0.411,85.012,169489,4,rap
50,0.899,0.544,0,-6.327,1,0.0548,0.0,0.151,0.132,0.533,129.928,138252,4,rap
48,0.833,0.57,8,-6.592,1,0.00482,3.51e-06,0.116,0.164,0.113,152.044,232863,4,rap
53,0.9,0.592,1,-7.221,1,0.0957,0.0,0.482,0.0788,0.873,121.082,182427,4,rap
76,0.808,0.617,10,-9.32,0,0.113,0.0,0.442,0.734,0.632,149.962,166400,4,rap
64,0.755,0.772,6,-5.585,1,0.128,0.0,0.4,0.157,0.678,132.906,141827,4,rap
70,0.688,0.656,4,-5.541,0,0.218,0.0,0.276,0.115,0.365,160.414,157657,4,rap
83,0.854,0.569,5,-8.151,0,0.0609,0.0816,0.106,0.1,0.294,80.015,205040,4,rap
66,0.767,0.715,8,-4.934,0,0.312,0.0,0.0523,0.0973,0.577,149.957,193618,4,rap
73,0.774,0.554,0,-7.909,1,0.207,0.0,0.0383,0.132,0.349,99.034,162547,4,rap
84,0.833,0.434,2,-8.795,1,0.0102,0.0219,0.431,0.165,0.281,150.062,204600,4,rap
57,0.832,0.758,2,-5.2,1,0.0524,0.0,0.246,0.251,0.667,154.027,124564,4,rap
73,0.794,0.51,9,-7.314,1,0.0505,1.81e-06,0.42,0.0562,0.18,167.879,194561,4,rap
48,0.776,0.64,7,-8.058,1,0.15,0.0,0.183,0.0983,0.326,160.038,201627,4,rap
64,0.773,0.744,6,-5.108,0,0.0114,0.0,0.244,0.066,0.764,141.004,190680,4,rap
68,0.829,0.582,7,-5.721,0,0.525,0.0,0.0415,0.0759,0.51,108.028,109373,4,rap
68,0.724,0.45,4,-5.763,0,0.0315,1.42e-05,0.0497,0.111,0.464,140.978,180560,4,rap
94,0.679,0.587,7,-7.015,1,0.141,6.35e-06,0.276,0.137,0.486,186.003,230453,4,rap
82,0.763,0.726,1,-6.405,1,0.259,0.0,0.282,0.0976,0.349,139.059,126346,4,rap
76,0.926,0.454,6,-9.932,1,0.036,0.000422,0.0732,0.0896,0.34,119.969,224002,4,rap
76,0.935,0.552,10,-9.373,0,0.111,0.0,0.335,0.0952,0.615,99.993,145627,4,rap
0,0.703,0.655,11,-6.226,0,0.237,0.0,0.0782,0.199,0.414,140.047,180675,4,rap
67,0.807,0.537,11,-7.678,0,0.33,0.0,0.054,0.0797,0.515,119.968,140064,4,rap
0,0.79,0.574,5,-7.466,0,0.195,0.0,0.043,0.136,0.379,100.01,144011,4,rap
60,0.63,0.671,6,-6.659,0,0.363,0.0,0.256,0.113,0.333,89.921,174333,4,rap
62,0.563,0.624,8,-8.271,1,0.0439,0.0,0.287,0.111,0.337,152.068,163267,4,rap
75,0.684,0.671,2,-6.424,0,0.0119,0.0,0.289,0.0769,0.45,179.987,171253,4,rap
54,0.619,0.668,4,-2.115,0,0.0799,0.0,0.271,0.122,0.147,76.514,201616,4,rap
68,0.733,0.684,2,-4.748,1,0.142,0.0,0.177,0.179,0.437,142.04,165640,4,rap
65,0.794,0.448,10,-4.771,0,0.591,0.0,0.0539,0.109,0.588,120.055,231333,4,rap
59,0.799,0.698,9,-5.947,0,0.125,0.0,0.169,0.0778,0.799,121.998,254963,4,rap
55,0.669,0.557,8,-8.835,0,0.0574,0.0,0.0498,0.0662,0.553,144.043,186944,4,rap
49,0.642,0.669,6,-5.774,0,0.318,0.0,0.0486,0.119,0.227,156.084,175067,4,rap
60,0.717,0.493,5,-7.146,0,0.00578,0.0,0.266,0.156,0.258,139.833,123573,4,rap
68,0.772,0.634,10,-6.101,0,0.135,0.0,0.212,0.432,0.671,160.052,210261,4,rap
59,0.858,0.547,1,-5.822,1,0.213,0.0,0.29,0.104,0.303,128.02,211883,4,rap
60,0.741,0.599,1,-6.672,0,0.00961,0.0,0.419,0.785,0.276,139.891,227474,4,rap
58,0.731,0.734,11,-5.652,0,0.127,0.0,0.273,0.268,0.625,142.983,127547,4,rap
61,0.61,0.61,5,-5.981,0,0.399,0.0,0.406,0.203,0.555,120.47,190840,5,rap
15,0.772,0.413,0,-8.194,0,0.0361,0.0,0.0891,0.111,0.211,131.964,246213,4,rap
64,0.888,0.43,9,-6.728,1,0.0786,1.58e-06,0.588,0.132,0.45,120.088,160013,4,rap
55,0.92,0.833,1,-3.18,1,0.0277,0.0,0.253,0.0596,0.645,141.034,165726,4,rap
73,0.63,0.63,9,-6.211,1,0.0131,0.0,0.0395,0.142,0.163,80.512,131213,4,rap
75,0.691,0.64,0,-6.441,1,0.511,0.0,0.369,0.409,0.163,138.672,202040,4,rap
66,0.889,0.516,8,-8.852,1,0.372,0.0,0.327,0.0926,0.732,140.005,199012,4,rap
67,0.792,0.571,8,-7.539,0,0.301,0.0,0.094,0.1,0.556,99.999,139200,4,rap
54,0.904,0.627,1,-5.608,1,0.0303,5.68e-06,0.222,0.0923,0.236,145.976,224243,4,rap
77,0.682,0.559,0,-5.545,1,0.174,0.0,0.127,0.344,0.137,202.015,192471,4,rap
0,0.849,0.586,1,-8.178,0,0.121,0.0,0.476,0.394,0.535,123.939,117801,3,rap
84,0.808,0.745,10,-5.26,0,0.145,0.0,0.342,0.292,0.829,165.995,210800,4,rap
67,0.855,0.676,1,-5.736,1,0.0888,0.0,0.325,0.144,0.509,133.082,195299,4,rap
57,0.734,0.703,11,-6.256,1,0.237,1.99e-06,0.355,0.413,0.608,151.923,194452,4,rap
64,0.584,0.306,9,-8.401,0,0.52,0.0,0.0271,0.12,0.096,70.022,216004,4,rap
57,0.65,0.589,11,-8.02,0,0.375,3.57e-05,0.0649,0.128,0.438,160.031,183484,4,rap
76,0.747,0.497,4,-6.542,0,0.248,0.0,0.0401,0.138,0.0663,142.046,158709,4,rap
55,0.501,0.329,9,-10.978,0,0.828,0.000361,0.0447,0.171,0.4,75.013,204719,4,rap
62,0.752,0.729,1,-5.436,1,0.29,1.27e-06,0.174,0.0783,0.366,134.038,175297,4,rap
71,0.895,0.739,8,-6.633,1,0.0183,7.61e-06,0.283,0.102,0.763,140.007,219340,4,rap
59,0.817,0.656,10,-7.086,0,0.051,0.0,0.277,0.115,0.314,139.915,120076,4,rap
56,0.903,0.535,8,-6.238,1,0.0298,0.0,0.286,0.0851,0.157,130.117,195692,4,rap
74,0.655,0.441,9,-5.245,0,0.474,0.0,0.0629,0.099,0.273,139.957,225857,4,rap
63,0.836,0.617,0,-4.363,1,0.17,0.0,0.0534,0.319,0.866,138.066,206702,4,rap
71,0.867,0.744,2,-5.171,1,0.268,0.0,0.227,0.0713,0.645,84.005,173288,4,rap
71,0.218,0.652,4,-7.953,0,0.033,0.111,0.0641,0.172,0.0599,65.375,250053,4,rap
58,0.782,0.644,1,-5.559,0,0.265,0.0,0.162,0.122,0.434,129.972,180234,4,rap
87,0.664,0.572,5,-6.099,0,0.0811,0.00604,0.0305,0.121,0.143,108.959,361027,4,rap
71,0.375,0.605,0,-7.268,0,0.612,0.0448,0.0729,0.147,0.128,175.946,283227,4,rap
71,0.638,0.863,4,-5.221,0,0.052,5.46e-05,0.132,0.685,0.226,120.077,239973,4,rap
69,0.732,0.627,4,-5.693,0,0.346,0.0,0.161,0.261,0.332,81.481,135460,4,rap
47,0.602,0.726,5,-4.856,0,0.382,0.0,0.129,0.0691,0.555,90.107,202667,4,rap
63,0.712,0.598,7,-5.368,0,0.0546,0.0,0.0388,0.154,0.504,130.007,212354,4,rap
92,0.514,0.73,1,-5.934,1,0.00146,9.54e-05,0.0598,0.0897,0.334,171.005,200040,4,rap
54,0.715,0.639,9,-6.947,1,0.627,0.0,0.105,0.0905,0.443,82.466,116364,4,rap
81,0.791,0.582,11,-7.323,0,0.0114,0.0,0.286,0.35,0.443,162.991,181812,4,rap
75,0.581,0.662,9,-5.239,1,0.0153,0.0,0.303,0.111,0.434,93.023,189487,4,rap
58,0.677,0.421,2,-10.19,0,0.695,0.0,0.14,0.139,0.609,85.332,210080,5,rap
31,0.43,0.7,6,-5.35,1,0.0902,0.0,0.264,0.216,0.731,158.373,183219,4,rap
67,0.893,0.618,7,-4.425,0,0.0827,0.0,0.112,0.542,0.389,119.099,161377,4,rap
66,0.819,0.654,11,-6.665,0,0.517,0.0,0.136,0.0996,0.455,133.503,188563,4,rap
63,0.734,0.683,1,-6.105,1,0.013,0.0,0.0776,0.28,0.445,162.038,228367,4,rap
74,0.834,0.454,1,-9.75,0,0.321,6.15e-06,0.201,0.114,0.837,81.618,247059,4,rap
10,0.443,0.519,1,-9.337,0,0.0989,2.33e-05,0.246,0.0919,0.24,71.682,208763,1,rap
10,0.866,0.53,0,-6.347,0,0.517,0.00159,0.0495,0.0946,0.203,104.952,197973,4,rap
79,0.725,0.725,8,-6.067,0,0.0119,0.0,0.159,0.086,0.515,140.003,192027,4,rap
60,0.842,0.556,8,-6.793,1,0.159,0.0,0.442,0.204,0.306,118.836,196639,4,rap
0,0.888,0.516,11,-10.228,0,0.148,0.0,0.41,0.106,0.606,127.803,114865,4,rap
57,0.808,0.907,0,-4.027,0,0.0592,0.0,0.0865,0.139,0.721,158.994,180447,4,rap
51,0.587,0.635,8,-6.369,1,0.0785,0.0,0.422,0.175,0.758,82.517,200733,4,rap
60,0.814,0.635,7,-6.609,0,0.0935,0.0,0.0809,0.0892,0.784,87.581,200774,4,rap
79,0.629,0.692,5,-8.045,1,0.00981,0.331,0.0376,0.603,0.453,162.948,167916,4,rap
4,0.836,0.624,4,-6.75,0,0.187,0.0,0.184,0.138,0.7,103.0,139890,4,rap
80,0.746,0.69,11,-7.956,1,0.247,0.0,0.164,0.101,0.497,89.977,181733,4,rap
50,0.833,0.589,9,-6.384,0,0.121,0.0,0.231,0.299,0.536,96.455,149613,4,rap
72,0.921,0.607,1,-7.397,1,0.525,1.12e-06,0.209,0.123,0.753,140.071,197079,4,rap
77,0.716,0.537,0,-7.648,0,0.233,0.0,0.0514,0.157,0.28,129.979,165978,4,rap
2,0.707,0.622,0,-6.951,1,0.0397,0.0,0.031,0.149,0.223,142.942,243357,4,rap
73,0.771,0.654,8,-6.976,0,0.055,0.0,0.298,0.214,0.573,155.047,224955,4,rap
64,0.936,0.704,5,-5.47,0,0.0632,0.0,0.457,0.104,0.566,130.022,214376,4,rap
5,0.733,0.389,10,-8.468,0,0.0513,0.0,0.0738,0.141,0.244,157.878,159670,3,rap
67,0.747,0.606,4,-5.286,1,0.222,0.0,0.172,0.281,0.2,155.055,173419,4,rap
73,0.686,0.541,0,-4.993,0,0.042,0.0,0.0493,0.0675,0.724,120.082,112493,4,rap
57,0.683,0.607,5,-5.62,0,0.15,0.0,0.0601,0.147,0.496,152.945,150933,4,rap
0,0.883,0.808,1,-3.158,0,0.0317,0.0,0.183,0.207,0.805,119.012,232065,4,rap
77,0.929,0.7,0,-5.595,0,0.144,0.0,0.0906,0.349,0.802,120.009,132024,4,rap
63,0.868,0.657,8,-4.853,1,0.0158,0.0,0.113,0.0995,0.436,162.867,191410,4,rap
2,0.611,0.688,1,-5.688,1,0.0264,0.0,0.341,0.251,0.393,178.462,132303,4,rap
56,0.901,0.617,1,-7.884,0,0.0448,0.0,0.237,0.0937,0.782,125.987,137143,4,rap
74,0.731,0.811,1,-3.225,1,0.0204,0.0,0.0712,0.411,0.426,147.045,218284,4,rap
80,0.507,0.586,0,-8.15,0,0.599,0.0544,0.0586,0.118,0.588,108.164,191623,4,rap
57,0.702,0.753,11,-2.943,1,0.0609,1.38e-06,0.24,0.41,0.453,139.98,207107,4,rap
68,0.28,0.821,8,-2.864,0,0.167,0.0,0.111,0.139,0.254,181.444,256163,3,rap
66,0.474,0.681,4,-3.473,0,0.0263,4.27e-05,0.038,0.0972,0.0384,121.96,283270,4,rap
64,0.776,0.608,10,-6.478,0,0.128,0.0,0.104,0.0932,0.402,156.025,116681,4,rap
78,0.767,0.538,0,-6.044,0,0.68,0.0,0.052,0.192,0.343,81.031,121680,4,rap
60,0.816,0.579,1,-6.097,1,0.203,0.0,0.0867,0.127,0.43,120.078,226314,4,rap
0,0.765,0.824,4,-5.559,0,0.0741,0.0,0.0873,0.0651,0.859,176.005,117133,4,rap
73,0.825,0.373,5,-5.532,0,0.163,0.0,0.108,0.368,0.12,77.271,149078,4,rap
83,0.735,0.449,10,-7.507,1,0.629,0.0,0.347,0.113,0.0397,122.947,220488,4,rap
79,0.673,0.649,1,-8.433,0,0.188,0.0,0.196,0.122,0.47,153.075,153800,4,rap
61,0.41,0.82,1,-6.808,1,0.252,0.0,0.533,0.538,0.526,170.718,223124,4,rap
47,0.664,0.483,9,-8.839,0,0.215,0.0,0.436,0.193,0.37,145.053,239871,4,rap
71,0.935,0.472,3,-9.304,0,0.0455,0.0,0.0575,0.19,0.659,130.041,236819,4,rap
68,0.457,0.621,10,-5.923,1,0.218,0.0,0.138,0.0944,0.634,85.359,224638,3,rap
62,0.959,0.508,2,-7.857,1,0.144,9.82e-05,0.257,0.136,0.346,107.998,201960,4,rap
1,0.744,0.422,1,-8.946,1,0.0319,0.00011,0.294,0.11,0.493,180.006,202667,4,rap
42,0.756,0.652,10,-7.617,0,0.208,0.0,0.113,0.145,0.787,135.126,191048,4,rap
70,0.59,0.618,1,-5.756,1,0.0127,0.0,0.334,0.244,0.153,96.459,252729,3,rap
45,0.549,0.522,1,-8.471,1,0.000286,6.32e-05,0.219,0.13,0.708,104.509,168213,4,rap
64,0.691,0.632,1,-7.598,1,0.122,0.0,0.0513,0.0646,0.488,169.982,205666,4,rap
63,0.768,0.526,0,-7.182,1,0.237,0.0,0.209,0.139,0.473,139.999,167552,4,rap
57,0.773,0.836,9,-2.326,0,0.283,2.1e-05,0.153,0.0828,0.497,112.01,201271,4,rap
26,0.698,0.572,2,-7.735,1,0.135,0.0,0.198,0.154,0.391,71.446,176959,4,rap
73,0.831,0.499,11,-8.442,0,0.269,0.0,0.114,0.3,0.511,97.956,220487,4,rap
57,0.512,0.623,9,-6.553,0,0.0187,0.0,0.0808,0.13,0.219,112.15,183589,5,rap
82,0.556,0.538,8,-5.408,0,0.0689,0.0,0.0382,0.196,0.291,143.95,223347,4,rap
89,0.585,0.564,0,-7.063,0,0.0671,0.0,0.0515,0.135,0.137,113.003,242253,4,rap
42,0.694,0.485,4,-8.155,0,0.0881,0.0,0.108,0.119,0.135,135.028,213366,4,rap
66,0.692,0.774,6,-2.48,0,0.0623,0.0,0.0876,0.873,0.349,134.952,334253,4,rap
65,0.823,0.504,8,-8.65,0,0.206,0.0,0.16,0.417,0.481,112.985,169907,4,rap
75,0.49,0.618,1,-5.655,1,0.0221,3.77e-06,0.104,0.259,0.286,99.7,201600,4,rap
75,0.752,0.673,10,-5.792,0,0.0538,0.0,0.153,0.133,0.35,164.009,163902,4,rap
56,0.718,0.66,2,-7.39,1,0.363,0.0,0.325,0.159,0.659,142.879,132587,4,rap
64,0.713,0.605,11,-7.487,1,0.497,3.46e-06,0.107,0.115,0.432,142.025,175756,4,rap
77,0.688,0.647,2,-7.258,1,0.00815,1.65e-05,0.19,0.095,0.195,88.834,164580,4,rap
67,0.688,0.61,11,-6.79,1,0.198,0.00154,0.109,0.114,0.201,88.995,151011,4,rap
60,0.614,0.553,7,-8.225,1,0.0306,0.0,0.169,0.203,0.161,159.999,240297,4,rap
51,0.525,0.504,6,-7.663,0,0.223,0.0,0.179,0.114,0.134,148.816,183399,4,rap
79,0.48,0.602,10,-6.335,0,0.487,0.0,0.368,0.0848,0.269,179.798,213333,4,rap
54,0.489,0.554,2,-8.437,1,0.212,1.9e-06,0.183,0.088,0.331,86.584,161056,4,rap
60,0.694,0.685,6,-6.535,0,0.224,0.0,0.133,0.124,0.306,158.831,196180,4,rap
58,0.67,0.847,10,-4.85,1,0.184,0.0,0.409,0.304,0.381,137.22,189827,4,rap
61,0.709,0.679,11,-6.503,0,0.0115,0.0,0.346,0.0971,0.754,162.973,153467,4,rap
61,0.764,0.774,5,-2.871,0,0.0178,0.0,0.202,0.113,0.597,149.952,168980,4,rap
48,0.83,0.434,6,-8.782,0,0.0468,0.0,0.0949,0.06,0.521,104.001,194573,4,rap
0,0.493,0.584,9,-8.638,0,0.0149,0.0,0.479,0.0807,0.68,77.532,185838,4,rap
80,0.761,0.518,0,-8.871,1,0.244,3.47e-05,0.134,0.107,0.522,133.976,261493,4,rap
75,0.799,0.66,1,-6.153,0,0.256,0.0,0.079,0.111,0.471,140.04,195429,4,rap
60,0.881,0.517,4,-8.916,1,0.0115,0.0,0.308,0.151,0.786,115.084,168107,4,rap
13,0.7,0.722,7,-3.558,0,0.221,0.0,0.0369,0.272,0.756,90.989,140526,4,rap
81,0.823,0.586,6,-6.606,0,0.114,0.0,0.2,0.193,0.347,125.971,190476,4,rap
75,0.904,0.723,11,-5.224,0,0.0631,0.0,0.26,0.185,0.835,145.013,227478,4,rap
73,0.695,0.343,5,-10.798,1,0.0743,1.04e-06,0.0432,0.107,0.229,85.84,218902,4,rap
49,0.761,0.517,5,-6.916,1,0.114,0.0,0.0927,0.157,0.46,147.912,174730,4,rap
55,0.653,0.603,5,-5.697,0,0.175,0.0,0.171,0.18,0.551,151.016,168477,4,rap
75,0.8,0.56,5,-4.818,0,0.057,0.0,0.261,0.134,0.45,163.071,200221,4,rap
57,0.676,0.82,7,-5.217,1,0.0493,0.0,0.0554,0.615,0.618,152.028,199250,4,rap
0,0.713,0.766,9,-5.389,0,0.14,0.0,0.0455,0.0981,0.547,107.984,215613,4,rap
64,0.734,0.493,0,-7.528,1,0.0467,0.0,0.308,0.0477,0.562,86.043,233750,4,rap
72,0.612,0.884,4,-4.113,0,0.0759,0.00132,0.0454,0.247,0.679,178.043,210795,4,rap
56,0.784,0.437,0,-5.473,1,0.229,0.0,0.189,0.171,0.0586,76.958,243194,4,rap
84,0.724,0.573,7,-4.113,1,0.118,0.0,0.0549,0.538,0.438,113.088,135920,4,rap
44,0.557,0.614,1,-8.479,0,0.71,0.0,0.25,0.173,0.854,83.743,185114,4,rap
80,0.65,0.613,9,-6.13,0,0.00336,0.0,0.128,0.267,0.0804,149.972,194621,4,rap
79,0.755,0.578,0,-8.932,0,0.316,0.0,0.145,0.25,0.581,94.148,176960,4,rap
82,0.773,0.819,0,-5.946,0,0.428,0.0,0.118,0.0679,0.585,92.987,269187,4,rap
69,0.835,0.699,8,-5.405,0,0.00671,0.0,0.277,0.195,0.547,154.981,202795,4,rap
75,0.647,0.667,5,-5.563,1,0.231,0.0,0.304,0.133,0.704,172.08,193839,4,rap
71,0.774,0.706,2,-6.494,1,0.00163,1.28e-06,0.355,0.104,0.382,152.891,185037,4,rap
81,0.825,0.733,1,-5.625,0,0.349,0.0,0.0969,0.112,0.62,97.974,190331,4,rap
66,0.697,0.709,11,-6.642,0,0.041,0.000296,0.298,0.0886,0.439,155.023,202420,4,rap
66,0.823,0.703,8,-2.691,1,0.0161,1.35e-06,0.298,0.294,0.26,178.043,194214,4,rap
84,0.819,0.626,10,-4.574,0,0.00748,0.101,0.202,0.167,0.415,143.01,195906,4,rap
87,0.847,0.733,10,-6.439,0,0.00574,1.04e-05,0.16,0.151,0.202,130.029,193591,4,rap
82,0.709,0.548,10,-8.493,1,0.65,1.59e-06,0.353,0.133,0.543,83.995,160000,4,rap
47,0.694,0.697,8,-7.373,0,0.162,0.0,0.0379,0.0821,0.379,89.966,178329,4,rap
72,0.635,0.793,10,-4.333,0,0.000647,0.747,0.0322,0.113,0.281,77.594,201856,4,rap
33,0.389,0.768,1,-4.765,1,0.038,0.0,0.256,0.119,0.334,90.146,183567,4,rap
39,0.595,0.581,2,-8.872,0,0.51,0.0,0.185,0.584,0.33,112.299,144216,3,rap
36,0.381,0.609,6,-8.223,0,0.363,0.0,0.133,0.131,0.196,80.366,121484,4,rap
59,0.729,0.503,0,-8.229,1,0.111,0.0,0.081,0.123,0.152,134.927,152920,4,rap
70,0.883,0.525,2,-8.054,0,0.189,0.0,0.0633,0.0971,0.312,99.978,174100,4,rap
81,0.81,0.353,6,-9.931,0,0.588,0.0,0.31,0.102,0.0727,88.031,208293,4,rap
65,0.886,0.479,4,-8.054,0,0.077,0.0,0.334,0.135,0.408,130.029,158692,4,rap
74,0.825,0.458,0,-7.47,1,0.114,0.0,0.0577,0.102,0.161,145.115,197760,4,rap
47,0.718,0.643,8,-6.939,0,0.0876,0.0,0.216,0.124,0.469,156.039,258006,4,rap
50,0.4,0.676,11,-7.118,0,0.258,2.27e-05,0.0927,0.32,0.354,170.148,180022,4,rap
59,0.757,0.673,1,-8.513,1,0.095,0.0,0.141,0.338,0.574,92.958,185806,3,rap
53,0.887,0.48,8,-7.775,1,0.0717,0.0,0.403,0.108,0.357,75.985,240640,4,rap
0,0.735,0.482,8,-9.445,1,0.00623,0.0144,0.139,0.448,0.315,181.995,217933,4,rap
65,0.752,0.703,1,-5.268,1,0.00694,0.0,0.0969,0.143,0.538,77.021,155134,4,rap
64,0.568,0.646,2,-4.369,0,0.231,0.0,0.219,0.12,0.24,143.877,212658,1,rap
49,0.788,0.747,0,-4.904,1,0.44,0.0,0.0874,0.108,0.845,120.018,207924,4,rap
73,0.782,0.51,4,-5.724,0,0.143,0.0,0.0419,0.115,0.118,99.993,143375,4,rap
74,0.81,0.511,5,-6.924,0,0.12,0.0,0.164,0.0832,0.837,151.947,154998,4,rap
0,0.67,0.612,4,-6.998,1,0.551,5.65e-05,0.0815,0.604,0.499,119.981,180280,4,rap
73,0.732,0.636,7,-6.162,0,0.0847,0.0,0.0497,0.241,0.358,138.061,153627,4,rap
50,0.824,0.666,1,-7.079,1,0.0361,0.0,0.228,0.388,0.263,144.02,149947,4,rap
81,0.696,0.454,1,-6.756,0,0.123,0.0,0.153,0.155,0.136,92.928,260640,4,rap
73,0.553,0.652,0,-6.685,1,0.0897,0.0,0.206,0.111,0.551,94.505,207347,4,rap
86,0.841,0.728,7,-3.37,1,0.0847,0.0,0.0484,0.149,0.43,130.049,243837,4,rap
84,0.837,0.364,8,-11.713,1,0.149,0.0,0.276,0.271,0.463,123.984,213594,4,rap
62,0.787,0.681,2,-5.765,1,0.21,0.0,0.239,0.162,0.224,95.96,222487,4,rap
48,0.62,0.577,1,-6.479,1,0.522,6.78e-05,0.0687,0.168,0.12,81.499,269813,4,rap
90,0.68,0.826,0,-5.487,1,0.0212,1.24e-05,0.0309,0.543,0.644,118.051,215627,4,rap
51,0.681,0.791,1,-6.292,0,0.62,1.97e-06,0.131,0.106,0.755,147.961,210057,4,rap
47,0.79,0.672,8,-8.085,0,0.247,0.0,0.306,0.0735,0.665,129.918,161244,4,rap
1,0.692,0.774,7,-4.385,0,0.146,0.0,0.0872,0.155,0.533,98.066,142000,4,rap
65,0.831,0.532,0,-5.319,0,0.0652,0.0,0.301,0.464,0.364,140.105,181716,4,rap
50,0.949,0.461,11,-9.024,1,0.041,2.39e-06,0.234,0.083,0.655,135.919,172933,4,rap
62,0.576,0.597,1,-6.659,0,0.196,0.0,0.318,0.049,0.885,101.174,185080,4,rap
35,0.632,0.644,2,-5.999,1,0.06,1.81e-05,0.0454,0.17,0.112,86.007,161743,4,rap
33,0.462,0.475,6,-7.934,0,0.691,0.446,0.0745,0.12,0.191,135.943,176471,4,rap
1,0.692,0.7,0,-2.09,1,0.242,0.0,0.148,0.15,0.704,165.024,131596,4,rap
62,0.94,0.532,11,-5.998,0,0.12,0.0,0.358,0.0925,0.599,123.043,228796,4,rap
66,0.751,0.744,1,-6.859,1,0.152,0.000568,0.177,0.252,0.634,148.014,171892,4,rap
81,0.732,0.678,2,-4.977,1,0.0867,2.41e-05,0.0886,0.112,0.196,100.626,211421,4,rap
69,0.775,0.72,11,-5.353,0,0.0236,0.0,0.193,0.114,0.49,155.086,234627,4,rap
82,0.796,0.766,7,-5.974,1,0.0742,0.0,0.238,0.0827,0.558,110.034,219333,4,rap
63,0.818,0.598,10,-5.948,0,0.0573,1.32e-06,0.113,0.634,0.331,111.052,231618,4,rap
5,0.926,0.666,11,-5.314,1,0.0611,0.0,0.244,0.123,0.168,127.079,343150,4,rap
78,0.817,0.816,2,-5.402,1,0.00263,0.0,0.269,0.159,0.508,181.982,190288,4,rap
4,0.92,0.675,1,-5.661,0,0.307,0.0,0.263,0.104,0.749,141.967,304041,4,rap
60,0.664,0.553,11,-8.316,1,0.455,0.0,0.415,0.181,0.722,87.009,222801,4,rap
75,0.724,0.675,2,-5.267,1,0.0978,9.41e-06,0.0867,0.351,0.325,160.048,199758,4,rap
84,0.726,0.769,6,-5.043,1,0.0293,0.0101,0.123,0.104,0.733,97.985,233902,4,rap
83,0.578,0.449,1,-6.349,1,0.0618,2.17e-06,0.286,0.119,0.1,136.006,192956,4,rap
18,0.907,0.393,4,-7.636,0,0.451,1.35e-06,0.0539,0.135,0.202,104.949,205458,4,rap
70,0.77,0.637,1,-5.53,1,0.103,0.0,0.345,0.171,0.431,94.966,383037,4,rap
72,0.817,0.556,4,-7.178,0,0.469,0.0,0.14,0.131,0.314,126.991,166368,4,rap
67,0.783,0.524,1,-6.828,1,0.0404,0.0,0.115,0.087,0.153,144.989,172320,4,rap
83,0.892,0.633,8,-7.471,1,0.0467,0.000189,0.0902,0.139,0.459,137.994,195047,4,rap
78,0.905,0.647,10,-5.065,0,0.0187,0.0,0.107,0.282,0.367,130.97,190534,4,rap
2,0.874,0.443,5,-9.628,0,0.147,0.0,0.241,0.124,0.298,118.004,235988,4,rap
83,0.837,0.636,1,-7.643,1,0.0395,0.00125,0.086,0.342,0.274,145.972,288624,4,rap
71,0.91,0.366,1,-9.954,1,0.0996,0.0,0.0941,0.261,0.74,119.985,152000,4,rap
66,0.849,0.699,4,-5.193,0,0.185,0.00118,0.0574,0.0954,0.0778,100.989,256341,4,rap
81,0.763,0.628,11,-5.85,1,0.0531,0.0,0.05,0.114,0.193,140.958,190557,4,rap
61,0.936,0.559,7,-8.587,0,0.479,0.0,0.157,0.128,0.527,112.347,241440,4,rap
65,0.939,0.632,1,-2.978,1,0.0606,0.00136,0.137,0.101,0.364,133.979,157645,4,rap
68,0.845,0.399,1,-7.509,1,0.00525,0.741,0.312,0.102,0.148,143.049,257600,4,rap
80,0.772,0.878,2,-4.22,1,0.0301,2.18e-06,0.324,0.251,0.305,61.311,135747,5,rap
60,0.889,0.398,1,-7.183,1,0.19,0.0,0.204,0.104,0.159,129.993,295997,4,rap
56,0.823,0.487,2,-8.361,1,0.0457,0.0,0.404,0.107,0.146,154.917,241506,4,rap
60,0.882,0.471,2,-8.827,0,0.058,0.0,0.118,0.0991,0.372,95.02,141663,4,rap
0,0.809,0.638,1,-7.268,0,0.0758,0.0,0.257,0.15,0.392,117.982,144349,4,rap
11,0.61,0.508,8,-6.682,0,0.297,0.0,0.152,0.384,0.758,178.818,137876,4,rap
79,0.88,0.575,6,-6.091,1,0.415,0.0,0.163,0.109,0.671,120.031,232048,4,rap
0,0.638,0.4,11,-11.212,0,0.733,0.000133,0.0425,0.334,0.495,150.133,166093,4,rap
67,0.706,0.679,9,-5.614,1,0.139,6.98e-05,0.0324,0.465,0.657,140.081,158707,4,rap
74,0.887,0.485,11,-9.358,0,0.0392,0.0,0.2,0.141,0.328,125.987,215693,4,rap
61,0.58,0.651,6,-5.537,0,0.0275,0.0,0.0459,0.102,0.562,157.888,188584,4,rap
88,0.792,0.625,1,-5.609,1,0.00776,0.0018,0.0536,0.329,0.37,103.967,173987,4,rap
58,0.616,0.741,7,-4.272,0,0.00251,0.0,0.0426,0.307,0.431,122.012,181720,4,rap
78,0.477,0.727,2,-4.053,1,0.000866,0.0,0.286,0.108,0.227,150.062,236524,4,rap
67,0.757,0.721,4,-2.906,0,0.00196,0.0,0.0691,0.647,0.364,124.036,165366,4,rap
58,0.664,0.655,10,-7.327,0,0.059,2.4e-05,0.0461,0.17,0.13,129.987,217609,4,rap
72,0.936,0.585,0,-6.914,1,0.0142,0.0,0.125,0.132,0.242,124.991,255379,4,rap
51,0.695,0.606,5,-7.18,0,0.101,0.0,0.218,0.102,0.799,142.118,197637,4,rap
14,0.789,0.536,6,-6.862,1,0.41,0.0,0.242,0.129,0.437,81.039,165926,4,rap
81,0.597,0.587,7,-7.026,0,0.0622,0.0,0.137,0.214,0.0753,140.021,218802,4,rap
71,0.77,0.574,1,-5.525,1,0.0617,0.0,0.106,0.104,0.104,98.962,133022,3,rap
76,0.725,0.713,4,-6.173,0,0.127,0.0,0.187,0.617,0.207,65.988,148421,4,rap
17,0.692,0.521,10,-8.465,0,0.301,0.0,0.33,0.0565,0.463,100.45,292987,4,rap
78,0.861,0.656,4,-7.867,0,0.104,0.0,0.425,0.0986,0.331,88.967,218210,4,rap
64,0.847,0.629,9,-5.81,1,0.0318,0.0,0.102,0.152,0.109,135.976,255532,4,rap
56,0.696,0.672,6,-5.505,0,0.131,0.0,0.0875,0.368,0.581,139.991,214286,4,rap
61,0.752,0.563,3,-8.066,0,0.146,0.0,0.209,0.103,0.551,145.05,178776,4,rap
41,0.777,0.495,1,-5.841,1,0.0807,0.0,0.178,0.11,0.466,102.874,157888,4,rap
51,0.754,0.661,0,-6.811,1,0.173,0.0,0.261,0.16,0.313,82.988,209299,4,rap
60,0.762,0.788,9,-4.087,0,0.272,0.0,0.174,0.114,0.672,140.993,175640,4,rap
67,0.643,0.403,1,-11.254,0,0.343,0.0,0.41,0.138,0.111,98.54,174682,4,rap
64,0.927,0.538,1,-3.917,1,0.0312,0.0,0.116,0.0945,0.221,125.983,278191,4,rap
49,0.814,0.659,2,-4.475,1,0.00155,0.0251,0.0829,0.568,0.13,88.506,171527,4,rap
77,0.797,0.631,3,-3.818,0,0.0904,3.71e-06,0.0786,0.0998,0.288,129.915,184213,4,rap
65,0.662,0.686,7,-8.302,1,0.251,5.59e-06,0.332,0.349,0.678,143.971,215000,4,rap
64,0.716,0.67,0,-6.995,0,0.526,0.0,0.101,0.13,0.411,145.043,203586,4,rap
55,0.723,0.667,2,-7.524,1,0.256,0.0,0.351,0.261,0.396,143.044,208112,5,rap
63,0.912,0.589,8,-7.476,1,0.0332,0.0162,0.2,0.0795,0.486,135.921,123549,4,rap
84,0.736,0.704,3,-7.409,0,0.0203,0.0,0.0615,0.0501,0.894,149.995,212000,4,rap
24,0.743,0.344,1,-11.174,1,0.169,0.00879,0.118,0.103,0.577,160.15,326933,4,rap
65,0.479,0.645,5,-7.336,0,0.135,0.0,0.302,0.0825,0.381,155.057,168729,4,rap
53,0.626,0.569,2,-10.669,0,0.0496,0.0,0.279,0.139,0.442,92.612,151685,4,rap
59,0.682,0.721,0,-4.633,0,0.0341,0.0,0.0284,0.381,0.248,101.067,205653,4,rap
37,0.748,0.479,7,-10.209,0,0.017,4.8e-06,0.0463,0.0978,0.309,119.871,160000,4,rap
55,0.591,0.764,1,-5.484,1,0.0383,0.0,0.0483,0.103,0.478,169.928,141806,4,rap
71,0.706,0.716,7,-4.263,0,0.115,0.0,0.0768,0.316,0.459,136.904,252263,4,rap
58,0.597,0.522,0,-10.825,1,0.714,0.0,0.247,0.0871,0.714,93.511,171939,4,rap
64,0.689,0.695,11,-5.22,1,0.019,0.0,0.0429,0.123,0.359,75.05,168253,4,rap
66,0.681,0.687,9,-7.612,1,0.0555,0.0,0.332,0.062,0.588,108.641,190345,3,rap
51,0.689,0.487,5,-9.585,0,0.371,0.0,0.0791,0.428,0.215,97.043,199887,4,rap
34,0.727,0.637,1,-5.433,1,0.0287,1.3e-05,0.187,0.0928,0.421,159.848,173987,4,rap
66,0.586,0.474,2,-9.21,0,0.334,0.0,0.18,0.118,0.146,91.105,205702,4,rap
15,0.595,0.656,7,-7.868,1,0.148,0.0,0.247,0.47,0.416,99.811,242400,4,rap
0,0.459,0.431,9,-8.375,0,0.795,0.0,0.256,0.274,0.128,177.3,195170,4,rap
0,0.477,0.713,1,-6.805,1,0.0984,0.00844,0.126,0.0879,0.113,106.137,538537,5,rap
0,0.381,0.528,5,-6.997,1,0.102,0.0,0.0449,0.269,0.256,97.207,358622,4,rap
5,0.319,0.236,5,-9.644,1,0.898,1.62e-05,0.0318,0.272,0.254,162.351,156091,4,rap
2,0.587,0.561,0,-6.569,1,0.0466,0.0,0.146,0.109,0.351,80.009,243187,4,rap
85,0.666,0.465,1,-8.545,1,0.0503,0.0,0.26,0.215,0.292,167.937,291175,4,rap
84,0.849,0.424,5,-9.579,0,0.0635,0.0,0.324,0.0834,0.153,145.887,242966,4,rap
79,0.803,0.597,11,-6.035,0,0.000619,4.5e-06,0.141,0.323,0.331,136.008,257605,4,rap
78,0.767,0.438,7,-8.726,0,0.181,0.0,0.29,0.142,0.381,86.975,221980,4,rap
67,0.718,0.628,0,-5.334,1,0.0884,0.0,0.373,0.186,0.771,139.769,154433,4,rap
67,0.742,0.734,8,-5.582,0,0.629,0.00314,0.0407,0.0834,0.541,114.952,146006,4,rap
56,0.705,0.681,4,-3.286,0,0.411,0.0,0.148,0.121,0.626,164.941,177836,4,rap
84,0.737,0.846,1,-4.51,0,0.00614,0.0,0.22,0.0486,0.546,87.981,143901,4,rap
65,0.588,0.554,8,-8.406,1,0.216,0.118,0.0545,0.0619,0.496,146.133,238333,4,rap
69,0.596,0.65,9,-5.167,1,0.138,0.0,0.337,0.14,0.188,133.997,257428,4,rap
72,0.91,0.585,11,-7.572,0,0.0536,0.0,0.257,0.127,0.599,129.011,165067,4,rap
55,0.8,0.541,10,-5.05,0,0.0252,0.0,0.0375,0.146,0.194,135.99,183514,4,rap
87,0.79,0.647,10,-5.983,0,0.0515,0.0,0.136,0.248,0.654,87.999,211000,4,rap
8,0.617,0.717,10,-7.858,0,0.00564,0.0,0.153,0.408,0.49,103.992,311867,4,rap
79,0.791,0.587,3,-5.075,0,0.407,0.0,0.0413,0.148,0.536,96.057,179449,4,rap
74,0.839,0.506,5,-6.714,0,0.00207,0.0,0.133,0.13,0.44,154.12,149610,4,rap
72,0.855,0.492,0,-7.578,0,0.0775,6.71e-06,0.0483,0.111,0.385,109.975,240000,4,rap
79,0.687,0.781,1,-4.806,1,0.0361,0.0,0.053,0.0755,0.688,97.014,193507,4,rap
18,0.542,0.659,8,-7.289,1,0.00279,0.0,0.0389,0.105,0.109,120.122,234000,4,rap
8,0.882,0.662,0,-6.382,1,0.0124,0.0,0.242,0.106,0.57,120.034,106000,4,rap
13,0.74,0.501,1,-6.339,1,0.019,0.0,0.0592,0.114,0.119,83.5,231011,4,rap
3,0.692,0.649,0,-4.766,1,0.0522,8.17e-06,0.0386,0.107,0.426,135.069,189728,4,rap
6,0.685,0.692,2,-5.122,1,0.328,0.0,0.0457,0.153,0.578,159.966,240051,5,rap
14,0.354,0.475,1,-9.333,0,0.149,0.034,0.0425,0.21,0.0393,114.975,217222,4,rap
60,0.698,0.799,0,-3.682,1,0.109,0.0,0.0498,0.0942,0.571,79.962,182492,4,rap
70,0.588,0.567,4,-3.738,0,0.221,0.0,0.0628,0.135,0.113,150.009,338438,4,rap
76,0.7,0.46,4,-8.111,0,0.142,4.81e-05,0.0661,0.111,0.286,151.901,142969,4,rap
51,0.732,0.798,11,-6.511,0,0.0269,4.84e-06,0.0956,0.0718,0.911,122.008,188918,4,rap
82,0.805,0.33,1,-8.712,0,0.22,0.0,0.1,0.105,0.211,121.97,242983,4,rap
58,0.646,0.899,6,-2.232,1,0.0337,0.0,0.298,0.232,0.685,164.119,219507,4,rap
85,0.658,0.671,2,-12.21,1,0.0933,0.000927,0.0363,0.115,0.166,100.966,202093,4,rap
59,0.875,0.478,7,-10.562,1,0.00717,0.0,0.218,0.147,0.409,128.99,200959,4,rap
77,0.798,0.545,1,-6.466,1,0.00904,9.48e-05,0.168,0.258,0.212,118.029,226653,4,rap
51,0.749,0.695,10,-6.423,0,0.413,0.0,0.139,0.111,0.505,139.971,237298,4,rap
0,0.821,0.714,2,-5.977,1,0.109,0.0,0.374,0.298,0.665,81.393,235583,4,rap
61,0.934,0.323,2,-11.125,1,0.0124,0.0,0.552,0.109,0.238,132.95,202783,4,rap
63,0.793,0.481,9,-9.258,1,0.019,1.09e-06,0.124,0.139,0.395,132.202,204626,4,rap
47,0.747,0.519,1,-7.568,0,0.15,5.34e-06,0.338,0.31,0.394,134.072,175559,4,rap
74,0.793,0.308,0,-10.414,0,0.613,1.68e-05,0.0466,0.0953,0.46,135.143,200000,4,rap
29,0.905,0.563,8,-6.135,1,0.0254,9.71e-06,0.102,0.113,0.324,106.998,173948,4,rap
69,0.55,0.611,0,-7.475,1,0.162,6.88e-05,0.137,0.121,0.243,148.062,247187,4,rap
72,0.767,0.313,7,-12.059,1,0.838,0.0,0.0798,0.105,0.765,82.582,210907,4,rap
63,0.398,0.69,1,-6.809,0,0.384,0.000437,0.0631,0.129,0.174,129.904,468168,4,rap
81,0.667,0.719,7,-5.371,0,0.00285,8.1e-05,0.0346,0.0736,0.717,100.021,237520,4,rap
74,0.71,0.522,11,-9.102,1,0.615,0.0,0.36,0.11,0.37,96.448,309327,4,rap
87,0.463,0.642,1,-4.474,1,0.314,0.0,0.34,0.0686,0.339,83.389,189893,4,rap
71,0.81,0.655,8,-6.779,0,0.127,8.16e-05,0.0698,0.105,0.809,150.002,193322,4,rap
76,0.833,0.652,11,-6.942,1,0.00161,0.0985,0.0762,0.106,0.405,158.022,135053,4,rap
71,0.669,0.773,0,-5.619,1,0.038,0.0,0.153,0.113,0.377,93.923,185857,4,rap
86,0.698,0.633,8,-4.946,1,0.0605,0.000194,0.0597,0.0926,0.552,96.924,232187,4,rap
3,0.529,0.845,8,-8.142,1,0.244,0.0,0.404,0.143,0.331,85.63,255378,3,rap
5,0.775,0.736,1,-8.072,0,0.319,0.00116,0.247,0.127,0.362,100.988,239027,4,rap
69,0.744,0.608,2,-6.386,1,0.0295,0.0,0.0442,0.397,0.0692,130.045,221538,4,rap
79,0.821,0.636,11,-4.479,1,0.142,0.0,0.169,0.233,0.163,127.961,142657,4,rap
69,0.611,0.584,11,-6.897,0,0.083,0.0,0.0301,0.432,0.181,116.106,243486,4,rap
68,0.314,0.439,2,-5.726,1,0.671,0.0,0.0311,0.181,0.364,180.119,248178,4,rap
88,0.733,0.67,5,-6.009,1,0.121,0.0,0.0751,0.121,0.472,100.964,192841,4,rap
78,0.451,0.876,10,-5.205,0,0.261,0.0,0.414,0.098,0.227,87.306,227176,5,rap
55,0.854,0.492,10,-14.779,0,0.13,0.00167,0.131,0.0846,0.0735,137.029,243228,4,rap
64,0.872,0.422,1,-7.415,0,0.0254,0.0,0.363,0.109,0.778,149.956,180666,4,rap
89,0.949,0.661,5,-4.244,0,0.0302,0.0,0.0572,0.0454,0.76,104.504,284200,4,rap
70,0.586,0.82,8,-4.791,0,0.114,0.0,0.072,0.134,0.391,142.107,192036,4,rap
77,0.587,0.614,2,-6.344,1,0.0306,0.0,0.0435,0.399,0.451,160.075,227527,4,rap
62,0.71,0.828,1,-4.725,1,0.199,0.0,0.0726,0.168,0.316,128.027,247458,4,rap
67,0.583,0.43,9,-7.748,1,0.801,0.0,0.0353,0.0867,0.367,84.967,243158,4,rap
77,0.664,0.667,4,-5.941,1,0.64,1.22e-06,0.154,0.0753,0.381,180.064,227533,4,rap
73,0.718,0.461,4,-7.676,0,0.068,0.0,0.0797,0.283,0.181,129.953,178176,4,rap
78,0.864,0.477,10,-5.786,1,0.201,0.0,0.224,0.182,0.5,86.46,192932,4,rap
59,0.744,0.628,2,-5.435,1,0.0493,0.0,0.0287,0.317,0.539,119.966,193565,4,rap
57,0.645,0.671,10,-7.208,0,0.0597,8e-06,0.0459,0.11,0.365,82.546,169661,4,rap
66,0.535,0.724,6,-5.498,0,0.0281,0.0,0.0673,0.0782,0.179,147.083,178160,4,rap
60,0.685,0.717,0,-6.456,0,0.101,1.87e-05,0.0411,0.266,0.549,127.963,221203,4,rap
64,0.629,0.445,3,-6.999,1,0.77,2.92e-06,0.0258,0.351,0.209,94.103,183241,4,rap
85,0.78,0.768,6,-4.325,0,0.0371,2.34e-06,0.238,0.518,0.507,80.063,404107,4,rap
64,0.634,0.691,2,-4.971,0,0.143,0.0,0.0458,0.097,0.316,141.831,210576,4,rap
68,0.773,0.595,8,-6.062,0,0.114,2.47e-06,0.161,0.13,0.338,123.968,461840,4,rap
83,0.572,0.631,7,-9.836,0,0.222,0.0,0.0476,0.135,0.0713,134.078,249040,4,rap
78,0.886,0.427,6,-10.028,1,0.0312,0.00099,0.145,0.0906,0.23,108.034,177184,4,rap
77,0.372,0.478,7,-9.835,0,0.482,0.0,0.0503,0.0844,0.254,101.102,348853,4,rap
72,0.759,0.803,1,-6.77,0,0.413,0.0,0.277,0.362,0.895,140.994,141277,4,rap
73,0.89,0.455,2,-10.226,1,0.158,0.0,0.437,0.153,0.897,138.988,180000,4,rap
88,0.746,0.251,11,-16.169,0,0.782,0.00203,0.259,0.106,0.18,139.999,120027,4,rap
78,0.633,0.548,5,-5.634,0,0.269,0.0,0.0467,0.16,0.35,160.011,192000,4,rap
74,0.747,0.571,11,-7.916,1,0.38,0.0,0.478,0.534,0.553,172.104,181933,4,rap
3,0.89,0.393,4,-10.821,0,0.331,8.81e-06,0.267,0.283,0.304,128.084,301133,4,rap
57,0.751,0.805,3,-5.017,0,0.438,0.0,0.246,0.105,0.899,145.108,176134,4,rap
82,0.749,0.63,4,-6.652,0,0.0623,0.0,0.116,0.353,0.445,122.03,242027,4,rap
89,0.529,0.673,0,-4.711,1,0.000307,2.41e-06,0.175,0.093,0.366,165.921,218365,4,rap
79,0.908,0.546,8,-10.491,0,0.0127,0.0,0.323,0.0707,0.225,131.016,170502,4,rap
92,0.561,0.52,11,-9.342,0,0.0503,1.86e-06,0.244,0.355,0.424,153.15,239360,3,rap
68,0.642,0.647,7,-6.312,0,0.517,0.0,0.428,0.0649,0.664,120.749,217867,4,rap
85,0.671,0.658,2,-5.567,1,0.189,8.66e-05,0.309,0.147,0.257,87.933,207307,4,rap
91,0.526,0.606,5,-5.3,0,0.152,2.36e-06,0.259,0.194,0.492,116.622,182667,4,rap
97,0.715,0.62,1,-6.005,0,0.417,0.0,0.0484,0.0822,0.172,97.95,221520,4,rap
87,0.684,0.671,7,-4.392,0,0.189,2.37e-05,0.0464,0.122,0.156,88.048,199920,4,rap
79,0.796,0.539,7,-5.974,0,0.103,0.0,0.0433,0.343,0.123,111.988,188587,4,rap
64,0.713,0.62,0,-4.513,1,0.171,1.16e-06,0.0422,0.118,0.206,130.09,211785,4,rap
80,0.693,0.67,2,-3.537,0,0.0958,0.00857,0.0345,0.432,0.084,119.907,191520,4,rap
74,0.521,0.526,1,-8.691,1,0.131,0.000577,0.276,0.173,0.179,161.571,310960,4,rap
76,0.542,0.72,1,-5.136,0,0.147,0.0,0.0628,0.348,0.623,149.828,231360,4,rap
64,0.526,0.606,5,-5.3,0,0.152,2.36e-06,0.259,0.194,0.492,116.622,182667,4,rap
57,0.364,0.62,5,-6.638,0,0.736,0.00225,0.0555,0.429,0.491,79.904,168920,4,rap
84,0.785,0.903,2,-4.184,1,0.258,0.0,0.21,0.169,0.565,139.98,193234,4,rap
74,0.679,0.769,0,-3.539,1,0.0537,0.0,0.24,0.309,0.424,130.094,177231,4,rap
68,0.748,0.741,6,-3.103,1,0.00419,0.0,0.0531,0.147,0.537,128.077,213053,4,rap
69,0.302,0.557,9,-5.737,0,0.063,0.344,0.0326,0.118,0.103,113.563,411912,4,rap
73,0.598,0.476,0,-3.673,1,0.00584,0.0,0.0333,0.265,0.0545,150.078,102422,4,rap
79,0.642,0.69,11,-5.101,1,0.00599,1.3e-06,0.261,0.322,0.641,164.075,124094,4,rap
90,0.558,0.559,6,-9.222,1,0.371,7.49e-06,0.0959,0.109,0.62,78.558,180387,4,rap
84,0.621,0.73,5,-5.414,0,0.0967,0.000131,0.107,0.673,0.464,139.566,195320,4,rap
64,0.794,0.717,7,-5.73,1,0.0511,0.0,0.251,0.195,0.372,141.881,202816,4,rap
92,0.586,0.525,1,-7.163,0,0.111,0.0,0.0615,0.134,0.508,133.629,260253,4,rap
93,0.637,0.678,0,-3.798,1,0.209,0.0,0.266,0.156,0.254,84.039,250760,4,rap
85,0.843,0.669,1,-4.105,0,0.0846,1.28e-05,0.0639,0.105,0.435,136.979,238253,4,rap
90,0.908,0.669,7,-2.827,1,0.00286,0.0,0.0738,0.237,0.662,112.238,290320,4,rap
75,0.694,0.759,10,-5.667,0,0.137,0.0,0.398,0.167,0.77,140.055,245387,4,rap
75,0.856,0.57,9,-4.486,1,0.00637,0.0,0.286,0.0984,0.155,154.967,218943,4,rap
70,0.5,0.738,1,-4.477,0,0.41,3.97e-06,0.417,0.223,0.433,185.577,168627,4,rap
80,0.374,0.568,1,-3.825,0,0.219,0.00219,0.109,0.513,0.111,84.733,547733,4,rap
86,0.789,0.858,1,-5.542,1,0.127,0.0,0.311,0.349,0.775,140.022,219333,4,rap
82,0.632,0.924,1,-1.802,1,0.281,0.0,0.29,0.263,0.441,86.844,267520,4,rap
83,0.686,0.735,2,-4.616,1,0.00921,0.00066,0.264,0.342,0.0596,171.355,322227,4,rap
89,0.802,0.755,4,-3.138,0,0.0215,0.0,0.0564,0.295,0.58,130.027,350320,4,rap
87,0.548,0.847,1,-3.237,1,0.0622,0.0,0.186,0.0816,0.1,171.447,297787,4,rap
77,0.505,0.68,7,-4.993,1,0.0796,0.0,0.0714,0.0465,0.539,168.022,235653,3,rap
61,0.781,0.853,1,-3.68,0,0.0525,0.0,0.0715,0.12,0.624,110.049,250189,4,rap
81,0.716,0.531,7,-7.355,1,0.0703,0.0,0.122,0.224,0.344,71.994,386907,4,rap
71,0.937,0.369,11,-11.017,0,0.275,0.0,0.24,0.0875,0.892,140.01,165429,5,rap
74,0.8,0.591,6,-8.808,1,0.111,0.0,0.271,0.429,0.747,117.003,210387,4,rap
85,0.899,0.713,6,-2.752,0,0.255,0.0,0.366,0.0708,0.777,90.051,193467,4,rap
90,0.571,0.549,1,-7.38,0,0.18,0.0,0.404,0.168,0.447,119.497,194787,4,rap
88,0.938,0.606,6,-6.396,0,0.117,0.0,0.419,0.528,0.706,121.108,123673,4,rap
53,0.939,0.663,1,-2.801,1,0.0477,0.242,0.354,0.0899,0.682,144.022,65254,4,rap
63,0.681,0.659,9,-6.405,1,0.000856,8.17e-06,0.268,0.11,0.225,156.004,173294,4,rap
73,0.683,0.607,2,-5.523,1,0.262,1.39e-05,0.221,0.354,0.506,141.99,118800,4,rap
68,0.599,0.622,10,-4.313,0,0.124,0.00278,0.264,0.158,0.199,91.615,199827,4,rap
66,0.565,0.569,6,-6.084,0,0.0352,8.81e-06,0.379,0.106,0.303,92.466,214825,5,rap
58,0.851,0.605,5,-6.86,0,0.122,0.0,0.521,0.415,0.562,142.892,161119,4,rap
73,0.737,0.564,4,-7.045,0,0.436,0.0,0.105,0.351,0.528,90.0,163504,4,rap
87,0.702,0.586,9,-7.83,0,0.0388,7.27e-05,0.0313,0.156,0.608,134.951,199111,4,rap
